{
    "accuracy": 0.7767009493670886,
    "loss": 1.0781262652783454
}