{
    "accuracy": 0.7900514240506329,
    "loss": 0.8885046594505068
}